{
  "epoch_f1": {
    "0": 0.6056366225194889,
    "1": 0.6955125805607352,
    "2": 0.699856740583019,
    "3": 0.7251543784066424,
    "4": 0.7272165509794951,
    "5": 0.7204519439482716,
    "6": 0.7359431876064348,
    "7": 0.7363750658295772,
    "8": 0.7424807609833507,
    "9": 0.7385305929704852,
    "10": 0.7407345923280564,
    "11": 0.7362256813326817,
    "12": 0.7486370303910271,
    "13": 0.7615110781600022,
    "14": 0.7531384294946594,
    "15": 0.7481367498113634,
    "16": 0.7420814846808964,
    "17": 0.7443039820364981,
    "18": 0.7396489349937189,
    "19": 0.7376044644648387
  },
  "best_f1": 0.7615110781600022,
  "best_epoch": 13
}